Time,X,Y,Z,Mag,Notes
05:39:12.594,-0.012,0.011,-0.493,0.493,
05:39:12.605,-0.012,0.011,-0.493,0.493,
05:39:12.614,-0.012,0.013,-0.493,0.493,
05:39:12.625,-0.012,0.012,-0.494,0.494,
05:39:12.635,-0.012,0.012,-0.493,0.493,
05:39:12.645,-0.012,0.013,-0.493,0.493,
05:39:12.655,-0.012,0.012,-0.494,0.494,
05:39:12.665,-0.012,0.012,-0.494,0.494,
05:39:12.675,-0.012,0.012,-0.494,0.494,
05:39:12.684,-0.012,0.012,-0.493,0.493,
05:39:12.695,-0.012,0.012,-0.493,0.493,
05:39:12.705,-0.011,0.011,-0.493,0.493,
05:39:12.715,-0.011,0.012,-0.493,0.493,
05:39:12.725,-0.011,0.012,-0.493,0.493,
05:39:12.735,-0.012,0.012,-0.493,0.493,
05:39:12.745,-0.011,0.012,-0.494,0.494,
05:39:12.756,-0.012,0.012,-0.493,0.493,
05:39:12.765,-0.012,0.012,-0.493,0.493,
05:39:12.775,-0.011,0.012,-0.494,0.494,
05:39:12.785,-0.011,0.012,-0.493,0.493,
05:39:12.828,-0.012,0.012,-0.493,0.493,
05:39:12.832,-0.012,0.012,-0.493,0.493,
05:39:12.834,-0.012,0.012,-0.493,0.493,
05:39:12.834,-0.012,0.011,-0.493,0.493,
05:39:12.835,-0.012,0.012,-0.493,0.493,
05:39:12.849,-0.012,0.012,-0.492,0.492,
05:39:12.856,-0.012,0.013,-0.493,0.493,
05:39:12.865,-0.011,0.012,-0.493,0.493,
05:39:12.875,-0.011,0.011,-0.493,0.493,
05:39:12.885,-0.011,0.012,-0.493,0.493,
05:39:12.896,-0.012,0.012,-0.493,0.493,
05:39:12.905,-0.012,0.012,-0.493,0.493,
05:39:12.915,-0.012,0.012,-0.494,0.494,
05:39:12.925,-0.012,0.013,-0.493,0.493,
05:39:12.935,-0.012,0.011,-0.493,0.493,
05:39:12.945,-0.012,0.012,-0.493,0.493,
05:39:12.955,-0.012,0.013,-0.493,0.493,
05:39:12.965,-0.011,0.012,-0.492,0.492,
05:39:12.975,-0.011,0.012,-0.493,0.493,
05:39:12.985,-0.011,0.012,-0.493,0.493,
05:39:12.994,-0.012,0.012,-0.493,0.493,
05:39:13.005,-0.012,0.012,-0.494,0.494,
05:39:13.014,-0.012,0.012,-0.493,0.493,
05:39:13.024,-0.012,0.012,-0.493,0.493,
05:39:13.034,-0.011,0.012,-0.493,0.493,
05:39:13.044,-0.012,0.012,-0.493,0.493,
05:39:13.054,-0.012,0.012,-0.493,0.493,
05:39:13.065,-0.011,0.011,-0.493,0.493,
05:39:13.075,-0.011,0.012,-0.493,0.493,
05:39:13.085,-0.011,0.012,-0.493,0.493,
05:39:13.094,-0.012,0.013,-0.494,0.494,
05:39:13.105,-0.012,0.012,-0.493,0.493,
05:39:13.115,-0.011,0.013,-0.493,0.493,
05:39:13.125,-0.012,0.012,-0.493,0.493,
05:39:13.134,-0.012,0.012,-0.494,0.494,
05:39:13.144,-0.011,0.011,-0.492,0.492,
05:39:13.155,-0.012,0.012,-0.493,0.493,
05:39:13.165,-0.011,0.012,-0.493,0.493,
05:39:13.175,-0.012,0.012,-0.493,0.493,
05:39:13.185,-0.012,0.012,-0.493,0.493,
05:39:13.195,-0.011,0.012,-0.493,0.493,
05:39:13.205,-0.011,0.011,-0.493,0.493,
05:39:13.215,-0.012,0.012,-0.493,0.493,
05:39:13.225,-0.011,0.012,-0.492,0.492,
05:39:13.235,-0.012,0.012,-0.493,0.493,
05:39:13.245,-0.011,0.012,-0.493,0.493,
05:39:13.255,-0.012,0.012,-0.493,0.493,
05:39:13.265,-0.012,0.012,-0.493,0.493,
05:39:13.275,-0.012,0.012,-0.493,0.493,
05:39:13.285,-0.012,0.012,-0.493,0.493,
05:39:13.294,-0.012,0.011,-0.493,0.493,
05:39:13.305,-0.012,0.012,-0.493,0.493,
05:39:13.315,-0.011,0.012,-0.494,0.494,
05:39:13.325,-0.012,0.012,-0.494,0.494,
05:39:13.335,-0.012,0.012,-0.494,0.494,
05:39:13.344,-0.011,0.012,-0.493,0.493,
05:39:13.355,-0.012,0.012,-0.492,0.492,
05:39:13.364,-0.012,0.011,-0.493,0.493,
05:39:13.374,-0.012,0.012,-0.493,0.493,
05:39:13.384,-0.011,0.012,-0.492,0.492,
05:39:13.394,-0.011,0.012,-0.493,0.493,
05:39:13.404,-0.012,0.012,-0.493,0.493,
05:39:13.415,-0.012,0.011,-0.493,0.493,
05:39:13.425,-0.012,0.012,-0.493,0.493,
05:39:13.435,-0.012,0.013,-0.493,0.493,
05:39:13.445,-0.012,0.013,-0.493,0.493,
05:39:13.455,-0.011,0.013,-0.492,0.492,
05:39:13.465,-0.012,0.012,-0.493,0.493,
05:39:13.475,-0.012,0.012,-0.493,0.493,
05:39:13.485,-0.012,0.012,-0.493,0.493,
05:39:13.495,-0.012,0.011,-0.492,0.492,
05:39:13.506,-0.011,0.012,-0.492,0.492,
05:39:13.515,-0.012,0.012,-0.493,0.493,
05:39:13.525,-0.011,0.012,-0.493,0.493,
05:39:13.535,-0.012,0.013,-0.493,0.493,
05:39:13.545,-0.012,0.012,-0.493,0.493,
05:39:13.555,-0.012,0.012,-0.494,0.494,
05:39:13.565,-0.012,0.012,-0.493,0.493,
05:39:13.575,-0.012,0.012,-0.492,0.492,
05:39:13.585,-0.012,0.012,-0.493,0.493,
05:39:13.603,-0.012,0.012,-0.494,0.494,
05:39:13.612,-0.011,0.011,-0.493,0.493,
05:39:13.623,-0.012,0.013,-0.494,0.494,
05:39:13.633,-0.012,0.012,-0.493,0.493,
05:39:13.643,-0.012,0.012,-0.493,0.493,
05:39:13.654,-0.011,0.012,-0.494,0.494,
05:39:13.663,-0.012,0.012,-0.493,0.493,
05:39:13.673,-0.012,0.012,-0.493,0.493,
05:39:13.683,-0.012,0.012,-0.493,0.493,
05:39:13.693,-0.012,0.012,-0.493,0.493,
05:39:13.703,-0.011,0.012,-0.493,0.493,
05:39:13.713,-0.012,0.012,-0.493,0.493,
05:39:13.723,-0.011,0.013,-0.493,0.493,
05:39:13.733,-0.011,0.013,-0.494,0.494,
05:39:13.743,-0.011,0.012,-0.493,0.493,
05:39:13.753,-0.012,0.012,-0.493,0.493,
05:39:13.763,-0.011,0.012,-0.493,0.493,
05:39:13.772,-0.011,0.012,-0.493,0.493,
05:39:13.782,-0.011,0.012,-0.493,0.493,
05:39:13.792,-0.011,0.012,-0.493,0.493,
05:39:13.803,-0.012,0.012,-0.493,0.493,
05:39:13.812,-0.012,0.012,-0.493,0.493,
05:39:13.822,-0.012,0.012,-0.493,0.493,
05:39:13.832,-0.012,0.012,-0.493,0.493,
05:39:13.843,-0.011,0.012,-0.493,0.493,
05:39:13.853,-0.012,0.012,-0.494,0.494,
05:39:13.863,-0.012,0.012,-0.493,0.493,
05:39:13.873,-0.011,0.012,-0.493,0.493,
05:39:13.883,-0.011,0.012,-0.494,0.494,
05:39:13.893,-0.012,0.012,-0.493,0.493,
05:39:13.904,-0.012,0.012,-0.493,0.493,
05:39:13.912,-0.011,0.012,-0.493,0.493,
05:39:13.922,-0.012,0.012,-0.494,0.494,
05:39:13.932,-0.012,0.012,-0.493,0.493,
05:39:13.943,-0.012,0.012,-0.493,0.493,
05:39:13.953,-0.012,0.012,-0.493,0.493,
05:39:13.963,-0.011,0.012,-0.493,0.493,
05:39:13.973,-0.011,0.012,-0.492,0.492,
05:39:13.982,-0.012,0.012,-0.493,0.493,
05:39:13.993,-0.012,0.012,-0.493,0.493,
05:39:14.003,-0.012,0.013,-0.493,0.493,
05:39:14.012,-0.012,0.012,-0.493,0.493,
05:39:14.023,-0.012,0.011,-0.494,0.494,
05:39:14.033,-0.012,0.013,-0.493,0.493,
05:39:14.043,-0.012,0.012,-0.493,0.493,
05:39:14.053,-0.011,0.012,-0.493,0.493,
05:39:14.063,-0.011,0.012,-0.493,0.493,
05:39:14.073,-0.011,0.012,-0.493,0.493,
05:39:14.082,-0.012,0.011,-0.494,0.494,
05:39:14.092,-0.012,0.012,-0.493,0.493,
05:39:14.103,-0.011,0.012,-0.493,0.493,
05:39:14.112,-0.011,0.012,-0.493,0.493,
05:39:14.123,-0.012,0.012,-0.493,0.493,
05:39:14.132,-0.011,0.013,-0.493,0.493,
05:39:14.142,-0.011,0.012,-0.493,0.493,
05:39:14.153,-0.011,0.012,-0.493,0.493,
05:39:14.162,-0.01,0.012,-0.491,0.491,
05:39:14.172,-0.011,0.01,-0.489,0.489,
05:39:14.182,-0.012,0.018,-0.502,0.502,
05:39:14.192,-0.011,0.013,-0.492,0.492,
05:39:14.204,-0.012,0.009,-0.488,0.488,
05:39:14.213,-0.011,0.009,-0.492,0.492,
05:39:14.222,-0.012,0.011,-0.494,0.494,
05:39:14.233,-0.012,0.013,-0.493,0.493,
05:39:14.242,-0.011,0.014,-0.494,0.494,
05:39:14.253,-0.011,0.014,-0.497,0.497,
05:39:14.262,-0.012,0.011,-0.492,0.492,
05:39:14.273,-0.011,0.01,-0.489,0.489,
05:39:14.283,-0.012,0.01,-0.493,0.493,
05:39:14.292,-0.012,0.012,-0.495,0.495,
05:39:14.303,-0.012,0.013,-0.493,0.493,
05:39:14.312,-0.012,0.014,-0.494,0.494,
05:39:14.322,-0.012,0.012,-0.495,0.495,
05:39:14.333,-0.012,0.011,-0.492,0.492,
05:39:14.342,-0.011,0.011,-0.491,0.491,
05:39:14.353,-0.011,0.014,-0.492,0.492,
05:39:14.363,-0.013,0.023,-0.503,0.503,
05:39:14.373,-0.011,0.03,-0.508,0.509,
05:39:14.383,-0.011,0.027,-0.5,0.501,
05:39:14.392,-0.009,0.033,-0.505,0.506,
05:39:14.403,-0.015,0.072,-0.515,0.521,
05:39:14.413,-0.02,0.028,-0.496,0.497,
05:39:14.422,-0.006,-0.021,-0.509,0.509,
05:39:14.433,-0.014,-0.043,-0.481,0.483,
05:39:14.443,-0.007,-0.065,-0.482,0.487,
05:39:14.453,-0.014,-0.064,-0.479,0.484,
05:39:14.462,-0.017,-0.046,-0.463,0.465,
05:39:14.473,-0.011,-0.045,-0.486,0.488,
05:39:14.483,-0.008,-0.036,-0.497,0.498,
05:39:14.492,-0.015,-0.011,-0.503,0.503,
05:39:14.503,-0.009,-0.031,-0.494,0.495,
05:39:14.514,-0.015,-0.081,-0.481,0.488,
05:39:14.522,-0.003,-0.129,-0.451,0.469,
05:39:14.532,0.002,-0.079,-0.54,0.546,
05:39:14.543,-0.015,-0.033,-0.515,0.517,
05:39:14.553,-0.014,-0.021,-0.513,0.513,
05:39:14.562,0.017,0.003,-0.553,0.553,
05:39:14.573,0.016,0.018,-0.6,0.6,
05:39:14.583,-0.011,-0.009,-0.561,0.561,
05:39:14.592,-0.002,0.005,-0.551,0.551,
05:39:14.610,0.02,0.035,-0.6,0.601,
05:39:14.620,-0.013,0.077,-0.573,0.579,
05:39:14.630,-0.048,0.081,-0.536,0.544,
05:39:14.641,-0.028,0.073,-0.544,0.55,
05:39:14.651,-0.056,0.105,-0.513,0.526,
05:39:14.661,-0.136,0.144,-0.543,0.578,
05:39:14.671,-0.132,0.104,-0.612,0.634,
05:39:14.681,-0.061,0.105,-0.651,0.662,
05:39:14.691,-0.007,0.168,-0.59,0.613,
05:39:14.701,-0.017,0.197,-0.5,0.537,
05:39:14.711,-0.017,0.197,-0.5,0.537,
05:39:14.721,-0.111,0.223,-0.389,0.462,
05:39:14.731,-0.142,0.277,-0.403,0.509,
05:39:14.741,-0.124,0.29,-0.524,0.612,
05:39:14.750,-0.067,0.217,-0.569,0.613,
05:39:14.760,0.093,0.191,-0.57,0.609,
05:39:14.771,0.117,0.295,-0.508,0.599,
05:39:14.781,0.125,0.156,-0.483,0.523,
05:39:14.791,0.123,0.17,-0.537,0.576,
05:39:14.801,0.033,0.295,-0.492,0.575,
05:39:14.811,-0.047,0.304,-0.437,0.534,
05:39:14.821,0.046,0.241,-0.506,0.562,
05:39:14.830,0.21,0.195,-0.328,0.436,
05:39:14.841,-0.02,0.387,-0.34,0.516,
05:39:14.851,0.158,0.215,-0.527,0.591,
05:39:14.861,0.421,0.13,-0.577,0.726,
05:39:14.871,-0.011,0.303,-0.641,0.709,
05:39:14.914,-0.183,0.116,-0.401,0.456,
05:39:14.915,-0.045,-0.027,-0.198,0.205,
05:39:14.916,0.386,0.127,0.276,0.492,
05:39:14.917,0.473,0.381,-0.038,0.609,
05:39:14.921,0.321,0.416,-0.224,0.571,
05:39:14.939,0.21,0.265,-0.221,0.404,
05:39:14.940,0.177,0.192,-0.097,0.279,
05:39:14.954,0.19,0.231,-0.099,0.315,
05:39:14.961,0.137,0.264,-0.118,0.32,
05:39:14.971,0.17,0.188,-0.182,0.312,
05:39:14.981,0.191,0.19,-0.158,0.312,
05:39:14.990,0.196,0.229,-0.258,0.397,
05:39:15.000,0.213,0.233,-0.335,0.46,
05:39:15.011,0.211,0.24,-0.284,0.428,
05:39:15.021,0.206,0.245,-0.26,0.412,
05:39:15.030,0.242,0.231,-0.243,0.414,
05:39:15.041,0.255,0.266,-0.24,0.439,
05:39:15.051,0.256,0.294,-0.258,0.467,
05:39:15.060,0.275,0.312,-0.256,0.488,
05:39:15.071,0.31,0.317,-0.259,0.513,
05:39:15.080,0.326,0.347,-0.278,0.552,
05:39:15.090,0.348,0.35,-0.274,0.565,
05:39:15.101,0.33,0.318,-0.272,0.533,
05:39:15.111,0.335,0.307,-0.379,0.592,
05:39:15.121,0.338,0.303,-0.589,0.744,
05:39:15.131,0.324,0.224,-0.32,0.508,
05:39:15.140,0.301,0.238,-0.241,0.453,
05:39:15.150,0.301,0.28,-0.303,0.511,
05:39:15.160,0.312,0.3,-0.25,0.499,
05:39:15.171,0.284,0.339,-0.212,0.49,
05:39:15.181,0.298,0.344,-0.204,0.499,
05:39:15.191,0.305,0.323,-0.212,0.492,
05:39:15.201,0.302,0.304,-0.23,0.486,
05:39:15.210,0.305,0.3,-0.259,0.5,
05:39:15.221,0.29,0.311,-0.271,0.504,
05:39:15.231,0.287,0.33,-0.281,0.52,
05:39:15.240,0.296,0.341,-0.273,0.528,
05:39:15.251,0.327,0.311,-0.227,0.505,
05:39:15.261,0.326,0.315,-0.217,0.502,
05:39:15.270,0.306,0.332,-0.228,0.506,
05:39:15.280,0.306,0.323,-0.227,0.5,
05:39:15.290,0.319,0.308,-0.222,0.496,
05:39:15.301,0.333,0.31,-0.216,0.503,
05:39:15.311,0.333,0.315,-0.214,0.506,
05:39:15.321,0.323,0.31,-0.218,0.498,
05:39:15.331,0.317,0.322,-0.231,0.508,
05:39:15.341,0.315,0.354,-0.259,0.539,
05:39:15.351,0.317,0.351,-0.279,0.549,
05:39:15.361,0.321,0.308,-0.269,0.52,
05:39:15.371,0.352,0.282,-0.262,0.521,
05:39:15.381,0.394,0.283,-0.332,0.588,
05:39:15.391,0.402,0.277,-0.373,0.615,
05:39:15.401,0.39,0.248,-0.265,0.533,
05:39:15.411,0.372,0.192,-0.146,0.444,
05:39:15.421,0.317,0.295,-0.189,0.472,
05:39:15.431,0.293,0.392,-0.221,0.537,
05:39:15.441,0.343,0.396,-0.204,0.562,
05:39:15.451,0.361,0.377,-0.224,0.568,
05:39:15.461,0.352,0.356,-0.239,0.555,
05:39:15.471,0.358,0.349,-0.241,0.555,
05:39:15.481,0.366,0.347,-0.243,0.56,
05:39:15.491,0.345,0.324,-0.242,0.532,
05:39:15.501,0.306,0.34,-0.233,0.513,
05:39:15.511,0.315,0.349,-0.225,0.521,
05:39:15.521,0.316,0.335,-0.238,0.518,
05:39:15.531,0.305,0.317,-0.228,0.495,
05:39:15.541,0.323,0.316,-0.249,0.516,
05:39:15.551,0.332,0.333,-0.255,0.535,
05:39:15.560,0.348,0.329,-0.241,0.536,
05:39:15.570,0.354,0.363,-0.209,0.548,
05:39:15.581,0.323,0.404,-0.191,0.551,
05:39:15.591,0.307,0.378,-0.193,0.524,
05:39:15.600,0.325,0.319,-0.203,0.499,
05:39:15.619,0.371,0.244,-0.209,0.491,
05:39:15.629,0.342,0.277,-0.196,0.482,
05:39:15.639,0.315,0.329,-0.208,0.501,
05:39:15.649,0.286,0.319,-0.211,0.478,
05:39:15.659,0.243,0.353,-0.232,0.487,
05:39:15.669,0.212,0.353,-0.292,0.505,
05:39:15.679,0.21,0.328,-0.399,0.558,
05:39:15.689,0.209,0.3,-0.431,0.565,
05:39:15.699,0.157,0.385,-0.374,0.56,
05:39:15.709,0.06,0.476,-0.356,0.597,
05:39:15.719,-0.036,0.407,-0.381,0.559,
05:39:15.729,0.006,0.287,-0.406,0.497,
05:39:15.739,0.072,0.237,-0.421,0.489,
05:39:15.748,0.115,0.299,-0.452,0.554,
05:39:15.758,0.083,0.347,-0.437,0.564,
05:39:15.770,0.091,0.395,-0.417,0.582,
05:39:15.779,0.1,0.422,-0.417,0.602,
05:39:15.789,0.082,0.455,-0.424,0.627,
05:39:15.799,0.067,0.482,-0.386,0.621,
05:39:15.809,0.083,0.47,-0.322,0.576,
05:39:15.819,0.111,0.485,-0.32,0.592,
05:39:15.829,0.173,0.434,-0.355,0.587,
05:39:15.839,0.172,0.362,-0.282,0.49,
05:39:15.848,0.137,0.343,-0.252,0.447,
05:39:15.859,0.115,0.365,-0.238,0.45,
05:39:15.869,0.104,0.392,-0.269,0.486,
05:39:15.879,0.086,0.408,-0.303,0.515,
05:39:15.889,0.069,0.406,-0.319,0.52,
05:39:15.899,0.082,0.365,-0.358,0.517,
05:39:15.909,0.11,0.343,-0.36,0.509,
05:39:15.919,0.107,0.301,-0.34,0.466,
05:39:15.929,0.083,0.273,-0.352,0.453,
05:39:15.939,0.06,0.27,-0.376,0.467,
05:39:15.949,0.033,0.26,-0.395,0.474,
05:39:15.959,0.019,0.185,-0.466,0.502,
05:39:15.970,0.046,0.202,-0.402,0.452,
05:39:15.979,0.049,0.359,-0.408,0.545,
05:39:15.989,0.1,0.275,-0.4,0.496,
05:39:15.999,0.059,0.374,-0.308,0.488,
05:39:16.009,-0.013,0.417,-0.289,0.508,
05:39:16.019,0.021,0.394,-0.346,0.525,
05:39:16.029,0.057,0.41,-0.388,0.567,
05:39:16.039,0.028,0.447,-0.374,0.584,
05:39:16.049,-0.003,0.471,-0.367,0.597,
05:39:16.059,-0.018,0.522,-0.347,0.627,
05:39:16.069,0.005,0.599,-0.361,0.699,
05:39:16.079,0.018,0.623,-0.349,0.714,
05:39:16.089,0.009,0.606,-0.319,0.685,
05:39:16.098,0.01,0.585,-0.324,0.669,
05:39:16.108,0.005,0.565,-0.311,0.645,
05:39:16.118,0.012,0.574,-0.264,0.632,
05:39:16.128,0.053,0.553,-0.245,0.607,
05:39:16.139,0.064,0.518,-0.18,0.553,
05:39:16.148,0.036,0.554,-0.179,0.583,
05:39:16.158,0.008,0.577,-0.236,0.624,
05:39:16.168,0.012,0.596,-0.247,0.645,
05:39:16.179,0.075,0.629,-0.159,0.653,
05:39:16.189,0.109,0.641,-0.088,0.656,
05:39:16.199,0.1,0.642,-0.073,0.654,
05:39:16.209,0.079,0.638,-0.073,0.647,
05:39:16.219,0.062,0.628,-0.109,0.641,
05:39:16.229,0.05,0.614,-0.232,0.659,
05:39:16.240,0.044,0.652,-0.342,0.737,
05:39:16.249,-0.004,0.705,-0.307,0.769,
05:39:16.259,-0.006,0.69,-0.302,0.753,
05:39:16.269,0.01,0.681,-0.24,0.722,
05:39:16.279,0.193,0.528,-0.036,0.564,
05:39:16.289,0.576,-0.005,0.404,0.704,
05:39:16.298,0.988,-1.171,1.166,1.925,
05:39:16.310,0.974,-2.007,1.692,2.8,HIT
05:39:16.320,0.407,-2.007,0.982,2.271,HIT
05:39:16.330,0.229,-1.833,-0.322,1.875,
05:39:16.340,0.047,-0.941,-0.569,1.101,
05:39:16.350,0.17,0.014,-0.753,0.772,
05:39:16.360,-0.029,1.051,-1.642,1.95,
05:39:16.370,-0.085,1.688,-2.007,2.624,HIT
05:39:16.379,-0.588,2.006,-2.007,2.898,HIT
05:39:16.390,-0.405,2.006,-1.961,2.834,HIT
05:39:16.400,-0.024,1.979,-1.599,2.544,HIT
05:39:16.409,0.117,1.413,-1.282,1.911,
05:39:16.419,0.174,0.219,-0.865,0.909,
05:39:16.429,0.135,-0.451,-0.085,0.478,
05:39:16.439,0.244,-0.806,0.051,0.843,
05:39:16.449,0.032,-0.809,0.29,0.86,
05:39:16.460,-0.23,-0.436,0.121,0.508,
05:39:16.470,0.072,-0.159,0.051,0.181,
05:39:16.479,0.123,0.008,0.008,0.123,
05:39:16.489,-0.059,0.151,-0.104,0.192,
05:39:16.499,-0.046,0.211,-0.485,0.531,
05:39:16.510,-0.012,0.174,-0.516,0.545,
05:39:16.520,-0.282,0.325,-0.463,0.632,
05:39:16.530,-0.302,0.364,-0.597,0.761,
05:39:16.540,-0.217,0.351,-0.594,0.723,
05:39:16.550,-0.196,0.314,-0.579,0.687,
05:39:16.559,-0.202,0.225,-0.568,0.644,
05:39:16.570,-0.233,0.179,-0.449,0.537,
05:39:16.580,-0.172,0.141,-0.422,0.478,
05:39:16.590,-0.14,0.119,-0.384,0.426,
05:39:16.600,-0.134,0.121,-0.34,0.385,
05:39:16.610,-0.141,0.124,-0.323,0.374,
05:39:16.627,-0.107,0.162,-0.296,0.354,
05:39:16.637,-0.103,0.186,-0.308,0.374,
05:39:16.647,-0.111,0.198,-0.335,0.405,
05:39:16.658,-0.122,0.218,-0.344,0.425,
05:39:16.668,-0.123,0.249,-0.349,0.446,
05:39:16.678,-0.126,0.271,-0.36,0.468,
05:39:16.688,-0.128,0.286,-0.375,0.489,
05:39:16.698,-0.128,0.292,-0.391,0.505,
05:39:16.708,-0.134,0.292,-0.4,0.513,
05:39:16.718,-0.139,0.293,-0.419,0.53,
05:39:16.728,-0.138,0.297,-0.456,0.561,
05:39:16.738,-0.143,0.313,-0.483,0.593,
05:39:16.748,-0.14,0.346,-0.492,0.618,
05:39:16.758,-0.136,0.386,-0.498,0.645,
05:39:16.768,-0.144,0.42,-0.507,0.674,
05:39:16.778,-0.15,0.434,-0.498,0.677,
05:39:16.788,-0.157,0.427,-0.478,0.66,
05:39:16.798,-0.157,0.407,-0.464,0.636,
05:39:16.808,-0.157,0.389,-0.46,0.622,
05:39:16.818,-0.167,0.37,-0.457,0.611,
05:39:16.828,-0.172,0.348,-0.453,0.596,
05:39:16.838,-0.169,0.327,-0.458,0.587,
05:39:16.848,-0.167,0.313,-0.463,0.583,
05:39:16.858,-0.162,0.306,-0.451,0.568,
05:39:16.869,-0.16,0.293,-0.435,0.548,
05:39:16.877,-0.158,0.284,-0.425,0.535,
05:39:16.887,-0.158,0.28,-0.417,0.527,
05:39:16.898,-0.158,0.277,-0.415,0.523,
05:39:16.908,-0.162,0.264,-0.41,0.513,
05:39:16.918,-0.168,0.246,-0.402,0.5,
05:39:16.928,-0.171,0.236,-0.401,0.495,
05:39:16.938,-0.164,0.228,-0.403,0.491,
05:39:16.948,-0.153,0.227,-0.386,0.473,
05:39:16.958,-0.151,0.228,-0.381,0.469,
05:39:16.968,-0.162,0.225,-0.39,0.479,
05:39:16.978,-0.185,0.221,-0.399,0.492,
05:39:16.988,-0.198,0.219,-0.404,0.5,
05:39:16.998,-0.189,0.226,-0.409,0.504,
05:39:17.008,-0.186,0.23,-0.41,0.505,
05:39:17.018,-0.195,0.233,-0.411,0.511,
05:39:17.028,-0.202,0.232,-0.418,0.519,
05:39:17.038,-0.206,0.24,-0.398,0.508,
05:39:17.048,-0.206,0.247,-0.382,0.499,
05:39:17.058,-0.203,0.244,-0.379,0.495,
05:39:17.068,-0.202,0.248,-0.37,0.489,
05:39:17.078,-0.197,0.246,-0.379,0.493,
05:39:17.088,-0.203,0.233,-0.389,0.497,
05:39:17.098,-0.214,0.23,-0.39,0.501,
05:39:17.108,-0.214,0.227,-0.418,0.522,
05:39:17.118,-0.218,0.223,-0.429,0.531,
05:39:17.128,-0.226,0.226,-0.417,0.526,
05:39:17.138,-0.223,0.23,-0.403,0.515,
05:39:17.148,-0.22,0.232,-0.386,0.501,
05:39:17.158,-0.218,0.221,-0.372,0.484,
05:39:17.169,-0.223,0.211,-0.376,0.486,
05:39:17.178,-0.237,0.211,-0.407,0.516,
05:39:17.188,-0.24,0.217,-0.437,0.544,
05:39:17.198,-0.246,0.236,-0.452,0.566,
05:39:17.208,-0.251,0.255,-0.465,0.586,
05:39:17.218,-0.252,0.284,-0.491,0.621,
05:39:17.228,-0.244,0.301,-0.559,0.68,
05:39:17.238,-0.253,0.292,-0.635,0.743,
05:39:17.248,-0.267,0.287,-0.766,0.861,
05:39:17.258,-0.273,0.258,-0.813,0.896,
05:39:17.268,-0.243,0.275,-0.628,0.728,
05:39:17.278,0.026,0.287,-0.348,0.452,
05:39:17.289,0.586,0.234,0.086,0.637,
05:39:17.298,1.111,-0.642,1.209,1.763,
05:39:17.314,1.04,-2.007,2.006,3.022,HIT
05:39:17.319,0.766,-2.007,2.006,2.939,HIT
05:39:17.331,0.755,-1.901,1.472,2.52,HIT
05:39:17.339,0.911,-1.296,0.415,1.637,
05:39:17.349,1.229,-0.367,-0.858,1.543,
05:39:17.359,1.103,0.961,-2.007,2.484,HIT
05:39:17.369,0.448,1.604,-2.007,2.608,HIT
05:39:17.379,-0.198,2.006,-1.983,2.827,HIT
05:39:17.389,-0.443,2.006,-1.976,2.85,HIT
05:39:17.398,-0.153,1.997,-2.007,2.836,HIT
05:39:17.409,0.082,1.568,-1.713,2.324,HIT
05:39:17.419,0.167,0.307,-1.007,1.066,
05:39:17.428,0.146,-0.251,-0.099,0.307,
05:39:17.438,0.071,-0.375,0.016,0.382,
05:39:17.449,0.069,-0.366,0.397,0.544,
05:39:17.459,0.116,-0.368,0.469,0.608,
05:39:17.469,0.007,-0.289,0.247,0.38,
05:39:17.478,0.026,-0.209,0.087,0.228,
05:39:17.488,-0.066,-0.215,0.07,0.235,
05:39:17.498,-0.182,-0.152,-0.22,0.323,
05:39:17.508,-0.264,-0.036,-0.343,0.434,
05:39:17.518,-0.291,0.123,-0.436,0.539,
05:39:17.528,-0.295,0.269,-0.646,0.759,
05:39:17.538,-0.333,0.327,-0.691,0.834,
05:39:17.548,-0.305,0.267,-0.777,0.876,
05:39:17.558,-0.358,0.2,-0.666,0.782,
05:39:17.568,-0.297,0.207,-0.585,0.688,
05:39:17.579,-0.244,0.17,-0.532,0.609,
05:39:17.589,-0.232,0.163,-0.447,0.529,
05:39:17.599,-0.207,0.096,-0.388,0.45,
05:39:17.608,-0.179,0.082,-0.319,0.376,
05:39:17.619,-0.153,0.078,-0.305,0.35,
05:39:17.637,-0.14,0.118,-0.323,0.372,
05:39:17.647,-0.159,0.136,-0.344,0.403,
05:39:17.657,-0.161,0.175,-0.355,0.427,
05:39:17.667,-0.158,0.207,-0.376,0.457,
05:39:17.677,-0.168,0.233,-0.395,0.488,
05:39:17.687,-0.174,0.242,-0.412,0.508,
05:39:17.697,-0.187,0.23,-0.426,0.519,
05:39:17.707,-0.167,0.216,-0.433,0.512,
05:39:17.718,-0.192,0.198,-0.465,0.541,
05:39:17.727,-0.199,0.187,-0.443,0.52,
05:39:17.737,-0.186,0.188,-0.42,0.497,
05:39:17.747,-0.18,0.192,-0.411,0.488,
05:39:17.757,-0.168,0.181,-0.395,0.466,
05:39:17.767,-0.165,0.165,-0.396,0.459,
05:39:17.777,-0.161,0.158,-0.408,0.466,
05:39:17.787,-0.159,0.159,-0.424,0.48,
05:39:17.797,-0.157,0.167,-0.44,0.496,
05:39:17.808,-0.159,0.179,-0.453,0.512,
05:39:17.817,-0.164,0.183,-0.456,0.518,
05:39:17.827,-0.171,0.191,-0.466,0.532,
05:39:17.837,-0.176,0.204,-0.47,0.542,
05:39:17.847,-0.175,0.199,-0.476,0.545,
05:39:17.857,-0.171,0.181,-0.492,0.552,
05:39:17.868,-0.18,0.167,-0.507,0.563,
05:39:17.877,-0.185,0.153,-0.526,0.578,
05:39:17.887,-0.19,0.149,-0.542,0.593,
05:39:17.897,-0.193,0.154,-0.549,0.602,
05:39:17.907,-0.196,0.154,-0.541,0.596,
05:39:17.919,-0.192,0.171,-0.526,0.586,
05:39:17.927,-0.183,0.192,-0.509,0.574,
05:39:17.937,-0.185,0.204,-0.489,0.561,
05:39:17.947,-0.184,0.216,-0.487,0.564,
05:39:17.957,-0.174,0.219,-0.498,0.571,
05:39:17.968,-0.171,0.217,-0.512,0.581,
05:39:17.977,-0.182,0.214,-0.519,0.59,
05:39:17.986,-0.187,0.213,-0.527,0.599,
05:39:17.997,-0.18,0.219,-0.535,0.605,
05:39:18.007,-0.181,0.223,-0.53,0.603,
05:39:18.017,-0.181,0.218,-0.525,0.597,
05:39:18.027,-0.177,0.207,-0.518,0.586,
05:39:18.037,-0.181,0.201,-0.505,0.573,
05:39:18.047,-0.183,0.202,-0.487,0.558,
05:39:18.057,-0.177,0.198,-0.463,0.533,
05:39:18.067,-0.171,0.196,-0.444,0.514,
05:39:18.077,-0.163,0.186,-0.428,0.495,
05:39:18.087,-0.149,0.173,-0.417,0.475,
05:39:18.097,-0.153,0.164,-0.419,0.475,
05:39:18.106,-0.162,0.144,-0.423,0.476,
05:39:18.117,-0.162,0.126,-0.415,0.463,
05:39:18.126,-0.154,0.125,-0.396,0.443,
05:39:18.136,-0.147,0.125,-0.374,0.421,
05:39:18.146,-0.138,0.121,-0.358,0.402,
05:39:18.157,-0.127,0.123,-0.345,0.388,
05:39:18.167,-0.132,0.128,-0.342,0.389,
05:39:18.176,-0.138,0.127,-0.347,0.395,
05:39:18.186,-0.149,0.124,-0.366,0.414,
05:39:18.197,-0.171,0.134,-0.404,0.459,
05:39:18.207,-0.186,0.145,-0.444,0.503,
05:39:18.217,-0.19,0.155,-0.464,0.524,
05:39:18.227,-0.191,0.16,-0.466,0.529,
05:39:18.237,-0.186,0.16,-0.467,0.528,
05:39:18.247,-0.18,0.162,-0.469,0.528,
05:39:18.257,-0.176,0.16,-0.472,0.529,
05:39:18.267,-0.185,0.167,-0.503,0.561,
05:39:18.277,-0.199,0.179,-0.55,0.612,
05:39:18.287,-0.215,0.187,-0.637,0.698,
05:39:18.297,-0.247,0.198,-0.79,0.851,
05:39:18.307,-0.292,0.216,-1.003,1.066,
05:39:18.318,-0.31,0.171,-1.126,1.18,
05:39:18.327,-0.241,0.178,-0.875,0.925,
05:39:18.337,0.178,0.323,-0.426,0.564,
05:39:18.347,0.858,0.417,0.209,0.976,
05:39:18.359,1.421,-0.352,1.559,2.139,HIT
05:39:18.369,1.161,-1.752,2.006,2.906,HIT
05:39:18.378,1.07,-1.85,2.006,2.931,HIT
05:39:18.388,1.039,-0.808,1.073,1.698,
05:39:18.398,0.586,-0.166,-0.555,0.824,
05:39:18.408,0.754,0.189,-1.657,1.83,
05:39:18.418,0.5,0.445,-2.007,2.116,HIT
05:39:18.428,-0.661,1.814,-2.004,2.783,HIT
05:39:18.438,-1.259,2.006,-1.997,3.098,HIT
05:39:18.448,-0.475,1.966,-2.007,2.849,HIT
05:39:18.458,-0.3,1.6,-1.672,2.334,HIT
05:39:18.468,0.216,0.524,-1.315,1.432,
05:39:18.478,0.068,-0.452,-0.164,0.485,
05:39:18.488,0.245,-0.573,0.291,0.688,
05:39:18.498,0.13,-0.534,0.485,0.733,
05:39:18.508,0.021,-0.518,0.364,0.634,
05:39:18.518,0.049,-0.292,0.272,0.402,
05:39:18.528,-0.051,-0.314,0.073,0.326,
05:39:18.538,-0.146,-0.246,-0.111,0.307,
05:39:18.548,-0.16,-0.179,-0.211,0.319,
05:39:18.557,-0.173,-0.06,-0.388,0.429,
05:39:18.568,-0.252,-0.101,-0.604,0.662,
05:39:18.578,-0.247,-0.085,-0.632,0.684,
05:39:18.587,-0.243,0.067,-0.703,0.746,
05:39:18.598,-0.24,0.208,-0.635,0.71,
05:39:18.608,-0.21,0.203,-0.658,0.719,
05:39:18.618,-0.213,0.129,-0.613,0.662,
05:39:18.628,-0.197,0.085,-0.516,0.559,
05:39:18.646,-0.145,0.066,-0.452,0.479,
05:39:18.656,-0.121,0.069,-0.391,0.415,
05:39:18.666,-0.115,0.063,-0.367,0.389,
05:39:18.675,-0.118,0.072,-0.341,0.368,
05:39:18.685,-0.115,0.084,-0.349,0.377,
05:39:18.696,-0.125,0.081,-0.368,0.398,
05:39:18.705,-0.141,0.074,-0.408,0.438,
05:39:18.716,-0.162,0.069,-0.442,0.476,
05:39:18.726,-0.156,0.071,-0.453,0.484,
05:39:18.736,-0.192,0.08,-0.467,0.512,
05:39:18.746,-0.185,0.071,-0.474,0.514,
05:39:18.756,-0.186,0.074,-0.487,0.527,
05:39:18.767,-0.184,0.086,-0.483,0.524,
05:39:18.776,-0.17,0.099,-0.474,0.513,
05:39:18.787,-0.169,0.099,-0.481,0.519,
05:39:18.796,-0.163,0.091,-0.505,0.538,
05:39:18.806,-0.152,0.086,-0.499,0.529,
05:39:18.817,-0.153,0.1,-0.487,0.52,
05:39:18.826,-0.152,0.118,-0.483,0.52,
05:39:18.836,-0.148,0.13,-0.482,0.521,
05:39:18.846,-0.147,0.136,-0.482,0.522,
05:39:18.856,-0.142,0.144,-0.483,0.524,
05:39:18.867,-0.138,0.147,-0.483,0.524,
05:39:18.876,-0.139,0.135,-0.486,0.523,
05:39:18.885,-0.14,0.125,-0.484,0.519,
05:39:18.895,-0.127,0.124,-0.481,0.513,
05:39:18.905,-0.148,0.11,-0.485,0.519,
05:39:18.916,-0.155,0.09,-0.486,0.518,
05:39:18.925,-0.146,0.085,-0.466,0.496,
05:39:18.935,-0.147,0.083,-0.455,0.485,
05:39:18.945,-0.15,0.072,-0.449,0.479,
05:39:18.956,-0.15,0.064,-0.447,0.476,
05:39:18.966,-0.147,0.063,-0.453,0.48,
05:39:18.976,-0.148,0.066,-0.457,0.485,
05:39:18.987,-0.15,0.07,-0.46,0.488,
05:39:18.996,-0.15,0.073,-0.464,0.493,
05:39:19.006,-0.149,0.079,-0.468,0.498,
05:39:19.017,-0.151,0.086,-0.47,0.501,
05:39:19.026,-0.149,0.088,-0.47,0.501,
05:39:19.036,-0.146,0.087,-0.468,0.498,
05:39:19.046,-0.145,0.083,-0.469,0.498,
05:39:19.055,-0.145,0.078,-0.474,0.502,
05:39:19.067,-0.147,0.074,-0.475,0.503,
05:39:19.076,-0.147,0.077,-0.473,0.502,
05:39:19.086,-0.146,0.079,-0.47,0.499,
05:39:19.096,-0.146,0.08,-0.469,0.498,
05:39:19.106,-0.146,0.078,-0.471,0.5,
05:39:19.116,-0.145,0.079,-0.473,0.501,
05:39:19.126,-0.141,0.078,-0.471,0.498,
05:39:19.136,-0.137,0.073,-0.469,0.494,
05:39:19.146,-0.134,0.064,-0.469,0.492,
05:39:19.156,-0.136,0.064,-0.469,0.493,
05:39:19.166,-0.127,0.065,-0.465,0.487,
05:39:19.176,-0.143,0.064,-0.466,0.492,
05:39:19.186,-0.134,0.065,-0.472,0.495,
05:39:19.196,-0.125,0.071,-0.468,0.49,
05:39:19.206,-0.132,0.072,-0.469,0.493,
05:39:19.216,-0.128,0.072,-0.465,0.487,
05:39:19.226,-0.125,0.073,-0.454,0.476,
05:39:19.236,-0.131,0.065,-0.453,0.476,
05:39:19.246,-0.119,0.059,-0.457,0.475,
05:39:19.256,-0.117,0.049,-0.458,0.475,
05:39:19.268,-0.123,0.041,-0.465,0.483,
05:39:19.276,-0.131,0.055,-0.467,0.489,
05:39:19.286,-0.119,0.068,-0.459,0.479,
05:39:19.296,-0.112,0.067,-0.447,0.465,
05:39:19.306,-0.115,0.057,-0.443,0.461,
05:39:19.316,-0.117,0.043,-0.441,0.458,
05:39:19.326,-0.115,0.024,-0.435,0.451,
05:39:19.336,-0.113,0.0,-0.431,0.446,
05:39:19.346,-0.114,-0.024,-0.434,0.449,
05:39:19.356,-0.112,-0.047,-0.444,0.46,
05:39:19.366,-0.113,-0.071,-0.458,0.477,
05:39:19.376,-0.118,-0.089,-0.459,0.482,
05:39:19.386,-0.119,-0.106,-0.464,0.49,
05:39:19.396,-0.12,-0.123,-0.47,0.501,
05:39:19.406,-0.12,-0.138,-0.466,0.501,
05:39:19.416,-0.121,-0.148,-0.458,0.496,
05:39:19.426,-0.119,-0.167,-0.449,0.493,
05:39:19.436,-0.121,-0.185,-0.436,0.489,
05:39:19.446,-0.121,-0.21,-0.431,0.494,
05:39:19.456,-0.122,-0.237,-0.431,0.507,
05:39:19.466,-0.125,-0.26,-0.443,0.529,
05:39:19.476,-0.132,-0.277,-0.451,0.546,
05:39:19.487,-0.138,-0.294,-0.456,0.56,
05:39:19.496,-0.141,-0.311,-0.467,0.579,
05:39:19.506,-0.154,-0.313,-0.47,0.585,
05:39:19.517,-0.159,-0.302,-0.474,0.584,
05:39:19.526,-0.157,-0.294,-0.471,0.577,
05:39:19.535,-0.157,-0.29,-0.465,0.57,
05:39:19.545,-0.158,-0.271,-0.463,0.559,
05:39:19.556,-0.153,-0.25,-0.457,0.543,
05:39:19.566,-0.146,-0.24,-0.445,0.526,
05:39:19.576,-0.147,-0.232,-0.434,0.514,
05:39:19.585,-0.145,-0.221,-0.437,0.511,
05:39:19.596,-0.145,-0.202,-0.446,0.511,
05:39:19.606,-0.144,-0.17,-0.457,0.508,
05:39:19.616,-0.143,-0.122,-0.459,0.496,
05:39:19.626,-0.138,-0.073,-0.455,0.481,
05:39:19.636,-0.132,-0.031,-0.456,0.476,
05:39:19.654,-0.138,0.033,-0.427,0.45,
05:39:19.664,-0.147,0.073,-0.417,0.448,
05:39:19.673,-0.151,0.1,-0.414,0.451,
05:39:19.683,-0.15,0.112,-0.409,0.449,
05:39:19.693,-0.155,0.132,-0.413,0.46,
05:39:19.705,-0.154,0.152,-0.436,0.487,
05:39:19.717,-0.156,0.159,-0.451,0.503,
05:39:19.737,-0.16,0.164,-0.445,0.5,
05:39:19.745,-0.156,0.149,-0.448,0.497,
05:39:19.746,-0.164,0.123,-0.46,0.503,
05:39:19.754,-0.159,0.096,-0.461,0.497,
05:39:19.766,-0.12,0.041,-0.459,0.476,
05:39:19.774,-0.032,-0.025,-0.408,0.41,
05:39:19.785,0.12,0.052,-0.274,0.304,
05:39:19.794,0.376,0.297,-0.126,0.496,
05:39:19.804,0.657,0.856,0.003,1.078,
05:39:19.816,0.867,1.851,0.356,2.075,HIT
05:39:19.825,0.84,2.006,1.12,2.446,HIT
05:39:19.835,0.417,1.996,1.111,2.322,HIT
05:39:19.844,0.301,2.001,0.146,2.029,HIT
05:39:19.854,0.79,1.915,-0.7,2.186,HIT
05:39:19.865,1.789,1.014,-1.327,2.448,HIT
05:39:19.874,2.006,-0.519,-1.587,2.61,HIT
05:39:19.884,1.667,-1.979,-0.938,2.752,HIT
05:39:19.894,1.005,-2.007,-0.099,2.247,HIT
05:39:19.905,0.649,-1.986,-0.646,2.187,HIT
05:39:19.915,0.081,-2.004,-0.377,2.041,HIT
05:39:19.925,0.088,-1.962,-0.448,2.014,HIT
05:39:19.935,0.063,-1.363,-0.716,1.541,
05:39:19.945,-0.167,-0.625,-0.759,0.997,
05:39:19.955,-0.037,-0.047,-0.592,0.595,
05:39:19.965,0.054,0.337,-0.549,0.646,
05:39:19.975,0.012,0.478,-0.417,0.634,
05:39:19.985,-0.029,0.4,-0.389,0.559,
05:39:19.995,-0.083,0.401,-0.364,0.548,
05:39:20.005,-0.083,0.504,-0.358,0.623,
05:39:20.016,-0.019,0.465,-0.362,0.589,
05:39:20.025,-0.054,0.25,-0.315,0.405,
05:39:20.036,-0.106,0.209,-0.212,0.316,
05:39:20.045,0.019,0.175,-0.325,0.37,
05:39:20.055,-0.131,0.063,-0.346,0.375,
05:39:20.065,-0.166,-0.006,-0.375,0.41,
05:39:20.075,-0.203,-0.045,-0.389,0.441,
05:39:20.085,-0.212,-0.046,-0.395,0.45,
05:39:20.095,-0.207,-0.047,-0.423,0.474,
05:39:20.105,-0.212,-0.049,-0.448,0.498,
05:39:20.115,-0.214,-0.049,-0.454,0.504,
05:39:20.125,-0.209,-0.038,-0.439,0.488,
05:39:20.135,-0.21,-0.039,-0.441,0.49,
05:39:20.145,-0.218,-0.037,-0.459,0.509,
05:39:20.155,-0.221,-0.024,-0.468,0.519,
05:39:20.165,-0.218,-0.014,-0.47,0.518,
05:39:20.175,-0.214,-0.024,-0.467,0.515,
05:39:20.185,-0.215,-0.053,-0.458,0.508,
